IDX,UPPER_LEFT_LONGITUDE,UPPER_LEFT_LATITUDE,UPPER_RIGHT_LONGITUDE,UPPER_RIGHT_LATITUDE,LOWER_RIGHT_LONGITUDE,LOWER_RIGHT_LATITUDE,LOWER_LEFT_LONGITUDE,LOWER_LEFT_LATITUDE
1,131.5,42.5,132,42.5,132,42,131.5,42
2,130,42,130.5,42,130.5,41.5,130,41.5
3,130.5,42,131,42,131,41.5,130.5,41.5
4,131,42,131.5,42,131.5,41.5,131,41.5
5,131.5,42,132,42,132,41.5,131.5,41.5
6,129.5,41.5,130,41.5,130,41,129.5,41
7,130,41.5,130.5,41.5,130.5,41,130,41
8,130.5,41.5,131,41.5,131,41,130.5,41
9,131,41.5,131.5,41.5,131.5,41,131,41
10,131.5,41.5,132,41.5,132,41,131.5,41
11,129.5,41,130,41,130,40.5,129.5,40.5
12,130,41,130.5,41,130.5,40.5,130,40.5
13,130.5,41,131,41,131,40.5,130.5,40.5
14,131,41,131.5,41,131.5,40.5,131,40.5
15,131.5,41,132,41,132,40.5,131.5,40.5
16,129,40.5,129.5,40.5,129.5,40,129,40
17,129.5,40.5,130,40.5,130,40,129.5,40
18,130,40.5,130.5,40.5,130.5,40,130,40
19,130.5,40.5,131,40.5,131,40,130.5,40
20,131,40.5,131.5,40.5,131.5,40,131,40
21,131.5,40.5,132,40.5,132,40,131.5,40
22,128.5,40,129,40,129,39.5,128.5,39.5
23,129,40,129.5,40,129.5,39.5,129,39.5
24,129.5,40,130,40,130,39.5,129.5,39.5
25,130,40,130.5,40,130.5,39.5,130,39.5
26,130.5,40,131,40,131,39.5,130.5,39.5
27,131,40,131.5,40,131.5,39.5,131,39.5
28,131.5,40,132,40,132,39.5,131.5,39.5
29,127.5,39.5,128,39.5,128,39,127.5,39
30,128,39.5,128.5,39.5,128.5,39,128,39
31,128.5,39.5,129,39.5,129,39,128.5,39
32,129,39.5,129.5,39.5,129.5,39,129,39
33,129.5,39.5,130,39.5,130,39,129.5,39
34,130,39.5,130.5,39.5,130.5,39,130,39
35,130.5,39.5,131,39.5,131,39,130.5,39
36,131,39.5,131.5,39.5,131.5,39,131,39
37,131.5,39.5,132,39.5,132,39,131.5,39
38,127.5,39,128,39,128,38.5,127.5,38.5
39,128,39,128.5,39,128.5,38.5,128,38.5
40,128.5,39,129,39,129,38.5,128.5,38.5
41,129,39,129.5,39,129.5,38.5,129,38.5
42,129.5,39,130,39,130,38.5,129.5,38.5
43,130,39,130.5,39,130.5,38.5,130,38.5
44,130.5,39,131,39,131,38.5,130.5,38.5
45,131,39,131.5,39,131.5,38.5,131,38.5
46,131.5,39,132,39,132,38.5,131.5,38.5
47,128,38.5,128.5,38.5,128.5,38,128,38
48,128.5,38.5,129,38.5,129,38,128.5,38
49,129,38.5,129.5,38.5,129.5,38,129,38
50,129.5,38.5,130,38.5,130,38,129.5,38
51,130,38.5,130.5,38.5,130.5,38,130,38
52,130.5,38.5,131,38.5,131,38,130.5,38
53,131,38.5,131.5,38.5,131.5,38,131,38
54,131.5,38.5,132,38.5,132,38,131.5,38
55,128.5,38,129,38,129,37.5,128.5,37.5
56,129,38,129.5,38,129.5,37.5,129,37.5
57,129.5,38,130,38,130,37.5,129.5,37.5
58,130,38,130.5,38,130.5,37.5,130,37.5
59,130.5,38,131,38,131,37.5,130.5,37.5
60,131,38,131.5,38,131.5,37.5,131,37.5
61,131.5,38,132,38,132,37.5,131.5,37.5
62,128.5,37.5,129,37.5,129,37,128.5,37
63,129,37.5,129.5,37.5,129.5,37,129,37
64,129.5,37.5,130,37.5,130,37,129.5,37
65,130,37.5,130.5,37.5,130.5,37,130,37
66,130.5,37.5,131,37.5,131,37,130.5,37
67,131,37.5,131.5,37.5,131.5,37,131,37
68,131.5,37.5,132,37.5,132,37,131.5,37
69,129,37,129.5,37,129.5,36.5,129,36.5
70,129.5,37,130,37,130,36.5,129.5,36.5
71,130,37,130.5,37,130.5,36.5,130,36.5
72,130.5,37,131,37,131,36.5,130.5,36.5
73,131,37,131.5,37,131.5,36.5,131,36.5
74,131.5,37,132,37,132,36.5,131.5,36.5
75,129,36.5,129.5,36.5,129.5,36,129,36
76,129.5,36.5,130,36.5,130,36,129.5,36
77,130,36.5,130.5,36.5,130.5,36,130,36
78,130.5,36.5,131,36.5,131,36,130.5,36
79,131,36.5,131.5,36.5,131.5,36,131,36
80,131.5,36.5,132,36.5,132,36,131.5,36
81,129,36,129.5,36,129.5,35.5,129,35.5
82,129.5,36,130,36,130,35.5,129.5,35.5
83,130,36,130.5,36,130.5,35.5,130,35.5
84,130.5,36,131,36,131,35.5,130.5,35.5
85,131,36,131.5,36,131.5,35.5,131,35.5
86,131.5,36,132,36,132,35.5,131.5,35.5
87,129.5,35.5,130,35.5,130,35,129.5,35
88,130,35.5,130.5,35.5,130.5,35,130,35
89,130.5,35.5,131,35.5,131,35,130.5,35
90,131,35.5,131.5,35.5,131.5,35,131,35
91,131.5,35.5,132,35.5,132,35,131.5,35
92,129,35,129.5,35,129.5,34.5,129,34.5
93,129.5,35,130,35,130,34.5,129.5,34.5
94,130,35,130.5,35,130.5,34.5,130,34.5
95,130.5,35,131,35,131,34.5,130.5,34.5
96,131,35,131.5,35,131.5,34.5,131,34.5
97,127.5,34.5,128,34.5,128,34,127.5,34
98,128,34.5,128.5,34.5,128.5,34,128,34
99,128.5,34.5,129,34.5,129,34,128.5,34
100,129,34.5,129.5,34.5,129.5,34,129,34
101,129.5,34.5,130,34.5,130,34,129.5,34
102,130,34.5,130.5,34.5,130.5,34,130,34
103,130.5,34.5,131,34.5,131,34,130.5,34
104,127.5,34,128,34,128,33.5,127.5,33.5
105,128,34,128.5,34,128.5,33.5,128,33.5
106,128.5,34,129,34,129,33.5,128.5,33.5
107,129,34,129.5,34,129.5,33.5,129,33.5
108,129.5,34,130,34,130,33.5,129.5,33.5
109,130,34,130.5,34,130.5,33.5,130,33.5
110,127.5,33.5,128,33.5,128,33,127.5,33
111,128,33.5,128.5,33.5,128.5,33,128,33
112,128.5,33.5,129,33.5,129,33,128.5,33
113,127.5,33,128,33,128,32.5,127.5,32.5
114,128,33,128.5,33,128.5,32.5,128,32.5
115,127.5,32.5,128,32.5,128,32,127.5,32
116,123,39.5,123.5,39.5,123.5,39,123,39
117,123.5,39.5,124,39.5,124,39,123.5,39
118,124,39.5,124.5,39.5,124.5,39,124,39
119,122.5,39,123,39,123,38.5,122.5,38.5
120,123,39,123.5,39,123.5,38.5,123,38.5
121,123.5,39,124,39,124,38.5,123.5,38.5
122,124,39,124.5,39,124.5,38.5,124,38.5
123,124.5,39,125,39,125,38.5,124.5,38.5
124,125,39,125.5,39,125.5,38.5,125,38.5
125,122,38.5,122.5,38.5,122.5,38,122,38
126,122.5,38.5,123,38.5,123,38,122.5,38
127,123,38.5,123.5,38.5,123.5,38,123,38
128,123.5,38.5,124,38.5,124,38,123.5,38
129,124,38.5,124.5,38.5,124.5,38,124,38
130,124.5,38.5,125,38.5,125,38,124.5,38
131,121.5,38,122,38,122,37.5,121.5,37.5
132,122,38,122.5,38,122.5,37.5,122,37.5
133,122.5,38,123,38,123,37.5,122.5,37.5
134,123,38,123.5,38,123.5,37.5,123,37.5
135,123.5,38,124,38,124,37.5,123.5,37.5
136,124,38,124.5,38,124.5,37.5,124,37.5
137,124.5,38,125,38,125,37.5,124.5,37.5
138,121.5,37.5,122,37.5,122,37,121.5,37
139,122,37.5,122.5,37.5,122.5,37,122,37
140,122.5,37.5,123,37.5,123,37,122.5,37
141,123,37.5,123.5,37.5,123.5,37,123,37
142,123.5,37.5,124,37.5,124,37,123.5,37
143,124,37.5,124.5,37.5,124.5,37,124,37
144,124.5,37.5,125,37.5,125,37,124.5,37
145,125,37.5,125.5,37.5,125.5,37,125,37
146,125.5,37.5,126,37.5,126,37,125.5,37
147,122.5,37,123,37,123,36.5,122.5,36.5
148,123,37,123.5,37,123.5,36.5,123,36.5
149,123.5,37,124,37,124,36.5,123.5,36.5
150,124,37,124.5,37,124.5,36.5,124,36.5
151,124.5,37,125,37,125,36.5,124.5,36.5
152,125,37,125.5,37,125.5,36.5,125,36.5
153,125.5,37,126,37,126,36.5,125.5,36.5
154,126,37,126.5,37,126.5,36.5,126,36.5
155,121.5,36.5,122,36.5,122,36,121.5,36
156,122,36.5,122.5,36.5,122.5,36,122,36
157,122.5,36.5,123,36.5,123,36,122.5,36
158,123,36.5,123.5,36.5,123.5,36,123,36
159,123.5,36.5,124,36.5,124,36,123.5,36
160,124,36.5,124.5,36.5,124.5,36,124,36
161,124.5,36.5,125,36.5,125,36,124.5,36
162,125,36.5,125.5,36.5,125.5,36,125,36
163,125.5,36.5,126,36.5,126,36,125.5,36
164,126,36.5,126.5,36.5,126.5,36,126,36
165,121.5,36,122,36,122,35.5,121.5,35.5
166,122,36,122.5,36,122.5,35.5,122,35.5
167,122.5,36,123,36,123,35.5,122.5,35.5
168,123,36,123.5,36,123.5,35.5,123,35.5
169,123.5,36,124,36,124,35.5,123.5,35.5
170,124,36,124.5,36,124.5,35.5,124,35.5
171,124.5,36,125,36,125,35.5,124.5,35.5
172,125,36,125.5,36,125.5,35.5,125,35.5
173,125.5,36,126,36,126,35.5,125.5,35.5
174,126,36,126.5,36,126.5,35.5,126,35.5
175,121.5,35.5,122,35.5,122,35,121.5,35
176,122,35.5,122.5,35.5,122.5,35,122,35
177,122.5,35.5,123,35.5,123,35,122.5,35
178,123,35.5,123.5,35.5,123.5,35,123,35
179,123.5,35.5,124,35.5,124,35,123.5,35
180,124,35.5,124.5,35.5,124.5,35,124,35
181,124.5,35.5,125,35.5,125,35,124.5,35
182,125,35.5,125.5,35.5,125.5,35,125,35
183,125.5,35.5,126,35.5,126,35,125.5,35
184,126,35.5,126.5,35.5,126.5,35,126,35
185,121.5,35,122,35,122,34.5,121.5,34.5
186,122,35,122.5,35,122.5,34.5,122,34.5
187,122.5,35,123,35,123,34.5,122.5,34.5
188,123,35,123.5,35,123.5,34.5,123,34.5
189,123.5,35,124,35,124,34.5,123.5,34.5
190,124,35,124.5,35,124.5,34.5,124,34.5
191,124.5,35,125,35,125,34.5,124.5,34.5
192,125,35,125.5,35,125.5,34.5,125,34.5
193,125.5,35,126,35,126,34.5,125.5,34.5
194,126,35,126.5,35,126.5,34.5,126,34.5
195,121.5,34.5,122,34.5,122,34,121.5,34
196,122,34.5,122.5,34.5,122.5,34,122,34
197,122.5,34.5,123,34.5,123,34,122.5,34
198,123,34.5,123.5,34.5,123.5,34,123,34
199,123.5,34.5,124,34.5,124,34,123.5,34
200,124,34.5,124.5,34.5,124.5,34,124,34
201,124.5,34.5,125,34.5,125,34,124.5,34
202,125,34.5,125.5,34.5,125.5,34,125,34
203,125.5,34.5,126,34.5,126,34,125.5,34
204,126,34.5,126.5,34.5,126.5,34,126,34
205,122.5,34,123,34,123,33.5,122.5,33.5
206,123,34,123.5,34,123.5,33.5,123,33.5
207,123.5,34,124,34,124,33.5,123.5,33.5
208,124,34,124.5,34,124.5,33.5,124,33.5
209,124.5,34,125,34,125,33.5,124.5,33.5
210,125,34,125.5,34,125.5,33.5,125,33.5
211,125.5,34,126,34,126,33.5,125.5,33.5
212,126,34,126.5,34,126.5,33.5,126,33.5
213,126.5,34,127,34,127,33.5,126.5,33.5
214,127,34,127.5,34,127.5,33.5,127,33.5
215,122.5,33.5,123,33.5,123,33,122.5,33
216,123,33.5,123.5,33.5,123.5,33,123,33
217,123.5,33.5,124,33.5,124,33,123.5,33
218,124,33.5,124.5,33.5,124.5,33,124,33
219,124.5,33.5,125,33.5,125,33,124.5,33
220,125,33.5,125.5,33.5,125.5,33,125,33
221,125.5,33.5,126,33.5,126,33,125.5,33
222,126,33.5,126.5,33.5,126.5,33,126,33
223,126.5,33.5,127,33.5,127,33,126.5,33
224,127,33.5,127.5,33.5,127.5,33,127,33
225,122.5,33,123,33,123,32.5,122.5,32.5
226,123,33,123.5,33,123.5,32.5,123,32.5
227,123.5,33,124,33,124,32.5,123.5,32.5
228,124,33,124.5,33,124.5,32.5,124,32.5
229,124.5,33,125,33,125,32.5,124.5,32.5
230,125,33,125.5,33,125.5,32.5,125,32.5
231,125.5,33,126,33,126,32.5,125.5,32.5
232,126,33,126.5,33,126.5,32.5,126,32.5
233,126.5,33,127,33,127,32.5,126.5,32.5
234,127,33,127.5,33,127.5,32.5,127,32.5
235,122.5,32.5,123,32.5,123,32,122.5,32
236,123,32.5,123.5,32.5,123.5,32,123,32
237,123.5,32.5,124,32.5,124,32,123.5,32
238,124,32.5,124.5,32.5,124.5,32,124,32
239,124.5,32.5,125,32.5,125,32,124.5,32
240,125,32.5,125.5,32.5,125.5,32,125,32
241,125.5,32.5,126,32.5,126,32,125.5,32
242,126,32.5,126.5,32.5,126.5,32,126,32
243,126.5,32.5,127,32.5,127,32,126.5,32
244,127,32.5,127.5,32.5,127.5,32,127,32
245,122.5,32,123,32,123,31.5,122.5,31.5
246,123,32,123.5,32,123.5,31.5,123,31.5
247,123.5,32,124,32,124,31.5,123.5,31.5
248,124,32,124.5,32,124.5,31.5,124,31.5
249,124.5,32,125,32,125,31.5,124.5,31.5
250,125,32,125.5,32,125.5,31.5,125,31.5
251,125.5,32,126,32,126,31.5,125.5,31.5
252,126,32,126.5,32,126.5,31.5,126,31.5
253,126.5,32,127,32,127,31.5,126.5,31.5
254,127,32,127.5,32,127.5,31.5,127,31.5
258,135,28,135.5,28,135.5,27.5,135,27.5
259,135.5,28,136,28,136,27.5,135.5,27.5
260,136,28,136.5,28,136.5,27.5,136,27.5
261,136.5,28,137,28,137,27.5,136.5,27.5
262,137,28,137.5,28,137.5,27.5,137,27.5
263,137.5,28,138,28,138,27.5,137.5,27.5
264,135,27.5,135.5,27.5,135.5,27,135,27
265,135.5,27.5,136,27.5,136,27,135.5,27
266,136,27.5,136.5,27.5,136.5,27,136,27
267,136.5,27.5,137,27.5,137,27,136.5,27
268,137,27.5,137.5,27.5,137.5,27,137,27
269,137.5,27.5,138,27.5,138,27,137.5,27
270,135,27,135.5,27,135.5,26.5,135,26.5
271,135.5,27,136,27,136,26.5,135.5,26.5
272,136,27,136.5,27,136.5,26.5,136,26.5
273,136.5,27,137,27,137,26.5,136.5,26.5
274,137,27,137.5,27,137.5,26.5,137,26.5
275,137.5,27,138,27,138,26.5,137.5,26.5
276,135,26.5,135.5,26.5,135.5,26,135,26
277,135.5,26.5,136,26.5,136,26,135.5,26
278,136,26.5,136.5,26.5,136.5,26,136,26
279,136.5,26.5,137,26.5,137,26,136.5,26
280,137,26.5,137.5,26.5,137.5,26,137,26
281,137.5,26.5,138,26.5,138,26,137.5,26
282,135,26,135.5,26,135.5,25.5,135,25.5
283,135.5,26,136,26,136,25.5,135.5,25.5
284,136,26,136.5,26,136.5,25.5,136,25.5
285,136.5,26,137,26,137,25.5,136.5,25.5
286,137,26,137.5,26,137.5,25.5,137,25.5
287,137.5,26,138,26,138,25.5,137.5,25.5
288,135,25.5,135.5,25.5,135.5,25,135,25
289,135.5,25.5,136,25.5,136,25,135.5,25
290,136,25.5,136.5,25.5,136.5,25,136,25
291,136.5,25.5,137,25.5,137,25,136.5,25
292,137,25.5,137.5,25.5,137.5,25,137,25
293,137.5,25.5,138,25.5,138,25,137.5,25
294,135,25,135.5,25,135.5,24.5,135,24.5
295,135.5,25,136,25,136,24.5,135.5,24.5
296,136,25,136.5,25,136.5,24.5,136,24.5
297,136.5,25,137,25,137,24.5,136.5,24.5
298,137,25,137.5,25,137.5,24.5,137,24.5
299,137.5,25,138,25,138,24.5,137.5,24.5
302,132,42.5,132.5,42.5,132.5,42,132,42
303,132.5,42.5,133,42.5,133,42,132.5,42
304,133,42.5,133.5,42.5,133.5,42,133,42
305,133.5,42.5,134,42.5,134,42,133.5,42
306,132,42,132.5,42,132.5,41.5,132,41.5
307,132.5,42,133,42,133,41.5,132.5,41.5
308,133,42,133.5,42,133.5,41.5,133,41.5
309,133.5,42,134,42,134,41.5,133.5,41.5
310,132,41.5,132.5,41.5,132.5,41,132,41
311,132.5,41.5,133,41.5,133,41,132.5,41
312,133,41.5,133.5,41.5,133.5,41,133,41
313,133.5,41.5,134,41.5,134,41,133.5,41
314,132,41,132.5,41,132.5,40.5,132,40.5
315,132.5,41,133,41,133,40.5,132.5,40.5
316,133,41,133.5,41,133.5,40.5,133,40.5
317,133.5,41,134,41,134,40.5,133.5,40.5
318,132,40.5,132.5,40.5,132.5,40,132,40
319,132.5,40.5,133,40.5,133,40,132.5,40
320,133,40.5,133.5,40.5,133.5,40,133,40
321,133.5,40.5,134,40.5,134,40,133.5,40
322,132,40,132.5,40,132.5,39.5,132,39.5
323,132.5,40,133,40,133,39.5,132.5,39.5
324,133,40,133.5,40,133.5,39.5,133,39.5
325,133.5,40,134,40,134,39.5,133.5,39.5
326,132,39.5,132.5,39.5,132.5,39,132,39
327,132.5,39.5,133,39.5,133,39,132.5,39
328,133,39.5,133.5,39.5,133.5,39,133,39
329,133.5,39.5,134,39.5,134,39,133.5,39
330,132,39,132.5,39,132.5,38.5,132,38.5
331,132.5,39,133,39,133,38.5,132.5,38.5
332,133,39,133.5,39,133.5,38.5,133,38.5
333,133.5,39,134,39,134,38.5,133.5,38.5
334,132,38.5,132.5,38.5,132.5,38,132,38
335,132.5,38.5,133,38.5,133,38,132.5,38
336,133,38.5,133.5,38.5,133.5,38,133,38
337,133.5,38.5,134,38.5,134,38,133.5,38
338,132,38,132.5,38,132.5,37.5,132,37.5
339,132.5,38,133,38,133,37.5,132.5,37.5
340,133,38,133.5,38,133.5,37.5,133,37.5
341,133.5,38,134,38,134,37.5,133.5,37.5
342,132,37.5,132.5,37.5,132.5,37,132,37
343,132.5,37.5,133,37.5,133,37,132.5,37
344,133,37.5,133.5,37.5,133.5,37,133,37
345,133.5,37.5,134,37.5,134,37,133.5,37
346,132,37,132.5,37,132.5,36.5,132,36.5
347,132.5,37,133,37,133,36.5,132.5,36.5
348,133,37,133.5,37,133.5,36.5,133,36.5
349,133.5,37,134,37,134,36.5,133.5,36.5
350,132,36.5,132.5,36.5,132.5,36,132,36
351,132.5,36.5,133,36.5,133,36,132.5,36
352,133,36.5,133.5,36.5,133.5,36,133,36
353,133.5,36.5,134,36.5,134,36,133.5,36
354,132,36,132.5,36,132.5,35.5,132,35.5
355,132.5,36,133,36,133,35.5,132.5,35.5
356,133,36,133.5,36,133.5,35.5,133,35.5
357,133.5,36,134,36,134,35.5,133.5,35.5
358,132,35.5,132.5,35.5,132.5,35,132,35
359,132.5,35.5,133,35.5,133,35,132.5,35
360,133,35.5,133.5,35.5,133.5,35,133,35
361,133.5,35.5,134,35.5,134,35,133.5,35
362,131.5,35,132,35,132,34.5,131.5,34.5
363,132,35,132.5,35,132.5,34.5,132,34.5
365,131,34.5,131.5,34.5,131.5,34,131,34
366,131.5,34.5,132,34.5,132,34,131.5,34
367,130.5,34,131,34,131,33.5,130.5,33.5
368,129,33.5,129.5,33.5,129.5,33,129,33
369,129.5,33.5,130,33.5,130,33,129.5,33
370,130,33.5,130.5,33.5,130.5,33,130,33
371,128.5,33,129,33,129,32.5,128.5,32.5
372,129,33,129.5,33,129.5,32.5,129,32.5
374,128,32.5,128.5,32.5,128.5,32,128,32
375,128.5,32.5,129,32.5,129,32,128.5,32
376,129,32.5,129.5,32.5,129.5,32,129,32
377,129.5,32.5,130,32.5,130,32,129.5,32
378,127.5,32,128,32,128,31.5,127.5,31.5
379,128,32,128.5,32,128.5,31.5,128,31.5
380,128.5,32,129,32,129,31.5,128.5,31.5
381,129,32,129.5,32,129.5,31.5,129,31.5
382,129.5,32,130,32,130,31.5,129.5,31.5
384,133.5,34.5,134,34.5,134,34,133.5,34
385,134,34.5,134.5,34.5,134.5,34,134,34
386,134.5,34.5,135,34.5,135,34,134.5,34
387,135,34.5,135.5,34.5,135.5,34,135,34
388,136.5,34.5,137,34.5,137,34,136.5,34
389,137,34.5,137.5,34.5,137.5,34,137,34
390,137.5,34.5,138,34.5,138,34,137.5,34
391,132,34,132.5,34,132.5,33.5,132,33.5
392,132.5,34,133,34,133,33.5,132.5,33.5
393,133,34,133.5,34,133.5,33.5,133,33.5
394,133.5,34,134,34,134,33.5,133.5,33.5
395,134,34,134.5,34,134.5,33.5,134,33.5
396,134.5,34,135,34,135,33.5,134.5,33.5
397,135,34,135.5,34,135.5,33.5,135,33.5
398,136,34,136.5,34,136.5,33.5,136,33.5
399,136.5,34,137,34,137,33.5,136.5,33.5
400,137,34,137.5,34,137.5,33.5,137,33.5
401,121.5,34,122,34,122,33.5,121.5,33.5
402,122,34,122.5,34,122.5,33.5,122,33.5
403,121.5,33.5,122,33.5,122,33,121.5,33
404,122,33.5,122.5,33.5,122.5,33,122,33
405,121.5,33,122,33,122,32.5,121.5,32.5
406,122,33,122.5,33,122.5,32.5,122,32.5
407,122,32.5,122.5,32.5,122.5,32,122,32
408,122,32,122.5,32,122.5,31.5,122,31.5
409,137.5,34,138,34,138,33.5,137.5,33.5
410,131.5,34,132,34,132,33.5,131.5,33.5
411,131,33.5,131.5,33.5,131.5,33,131,33
412,131.5,33.5,132,33.5,132,33,131.5,33
413,132,33.5,132.5,33.5,132.5,33,132,33
414,132.5,33.5,133,33.5,133,33,132.5,33
415,134.5,33.5,135,33.5,135,33,134.5,33
416,135,33.5,135.5,33.5,135.5,33,135,33
417,136,33.5,136.5,33.5,136.5,33,136,33
418,136.5,33.5,137,33.5,137,33,136.5,33
419,137,33.5,137.5,33.5,137.5,33,137,33
420,137.5,33.5,138,33.5,138,33,137.5,33
421,132,33,132.5,33,132.5,32.5,132,32.5
422,133.5,33,134,33,134,32.5,133.5,32.5
423,134,33,134.5,33,134.5,32.5,134,32.5
424,134.5,33,135,33,135,32.5,134.5,32.5
425,135,33,135.5,33,135.5,32.5,135,32.5
426,135.5,33,136,33,136,32.5,135.5,32.5
427,136,33,136.5,33,136.5,32.5,136,32.5
428,136.5,33,137,33,137,32.5,136.5,32.5
429,137,33,137.5,33,137.5,32.5,137,32.5
430,137.5,33,138,33,138,32.5,137.5,32.5
432,132,32.5,132.5,32.5,132.5,32,132,32
433,132.5,32.5,133,32.5,133,32,132.5,32
434,133,32.5,133.5,32.5,133.5,32,133,32
435,133.5,32.5,134,32.5,134,32,133.5,32
436,134,32.5,134.5,32.5,134.5,32,134,32
437,134.5,32.5,135,32.5,135,32,134.5,32
438,135,32.5,135.5,32.5,135.5,32,135,32
439,135.5,32.5,136,32.5,136,32,135.5,32
440,136,32.5,136.5,32.5,136.5,32,136,32
441,136.5,32.5,137,32.5,137,32,136.5,32
442,137,32.5,137.5,32.5,137.5,32,137,32
443,137.5,32.5,138,32.5,138,32,137.5,32
444,131.5,32,132,32,132,31.5,131.5,31.5
445,132,32,132.5,32,132.5,31.5,132,31.5
446,132.5,32,133,32,133,31.5,132.5,31.5
447,133,32,133.5,32,133.5,31.5,133,31.5
448,133.5,32,134,32,134,31.5,133.5,31.5
449,134,32,134.5,32,134.5,31.5,134,31.5
450,134.5,32,135,32,135,31.5,134.5,31.5
451,135,32,135.5,32,135.5,31.5,135,31.5
452,135.5,32,136,32,136,31.5,135.5,31.5
453,136,32,136.5,32,136.5,31.5,136,31.5
454,136.5,32,137,32,137,31.5,136.5,31.5
455,137,32,137.5,32,137.5,31.5,137,31.5
456,137.5,32,138,32,138,31.5,137.5,31.5
457,122,31.5,122.5,31.5,122.5,31,122,31
458,122.5,31.5,123,31.5,123,31,122.5,31
459,123,31.5,123.5,31.5,123.5,31,123,31
460,123.5,31.5,124,31.5,124,31,123.5,31
461,124,31.5,124.5,31.5,124.5,31,124,31
462,124.5,31.5,125,31.5,125,31,124.5,31
463,125,31.5,125.5,31.5,125.5,31,125,31
464,125.5,31.5,126,31.5,126,31,125.5,31
465,126,31.5,126.5,31.5,126.5,31,126,31
466,126.5,31.5,127,31.5,127,31,126.5,31
467,127,31.5,127.5,31.5,127.5,31,127,31
468,127.5,31.5,128,31.5,128,31,127.5,31
469,128,31.5,128.5,31.5,128.5,31,128,31
470,128.5,31.5,129,31.5,129,31,128.5,31
471,129,31.5,129.5,31.5,129.5,31,129,31
472,129.5,31.5,130,31.5,130,31,129.5,31
474,131.5,31.5,132,31.5,132,31,131.5,31
475,132,31.5,132.5,31.5,132.5,31,132,31
476,132.5,31.5,133,31.5,133,31,132.5,31
477,133,31.5,133.5,31.5,133.5,31,133,31
478,133.5,31.5,134,31.5,134,31,133.5,31
479,134,31.5,134.5,31.5,134.5,31,134,31
480,134.5,31.5,135,31.5,135,31,134.5,31
481,135,31.5,135.5,31.5,135.5,31,135,31
482,135.5,31.5,136,31.5,136,31,135.5,31
483,136,31.5,136.5,31.5,136.5,31,136,31
484,136.5,31.5,137,31.5,137,31,136.5,31
485,137,31.5,137.5,31.5,137.5,31,137,31
486,137.5,31.5,138,31.5,138,31,137.5,31
487,122,31,122.5,31,122.5,30.5,122,30.5
488,122.5,31,123,31,123,30.5,122.5,30.5
489,123,31,123.5,31,123.5,30.5,123,30.5
490,123.5,31,124,31,124,30.5,123.5,30.5
491,124,31,124.5,31,124.5,30.5,124,30.5
492,124.5,31,125,31,125,30.5,124.5,30.5
493,125,31,125.5,31,125.5,30.5,125,30.5
494,125.5,31,126,31,126,30.5,125.5,30.5
495,126,31,126.5,31,126.5,30.5,126,30.5
496,126.5,31,127,31,127,30.5,126.5,30.5
497,127,31,127.5,31,127.5,30.5,127,30.5
498,127.5,31,128,31,128,30.5,127.5,30.5
499,128,31,128.5,31,128.5,30.5,128,30.5
500,128.5,31,129,31,129,30.5,128.5,30.5
501,129,31,129.5,31,129.5,30.5,129,30.5
502,129.5,31,130,31,130,30.5,129.5,30.5
503,130,31,130.5,31,130.5,30.5,130,30.5
504,130.5,31,131,31,131,30.5,130.5,30.5
505,131,31,131.5,31,131.5,30.5,131,30.5
506,131.5,31,132,31,132,30.5,131.5,30.5
507,132,31,132.5,31,132.5,30.5,132,30.5
508,132.5,31,133,31,133,30.5,132.5,30.5
509,133,31,133.5,31,133.5,30.5,133,30.5
510,133.5,31,134,31,134,30.5,133.5,30.5
511,134,31,134.5,31,134.5,30.5,134,30.5
512,134.5,31,135,31,135,30.5,134.5,30.5
513,135,31,135.5,31,135.5,30.5,135,30.5
514,135.5,31,136,31,136,30.5,135.5,30.5
515,136,31,136.5,31,136.5,30.5,136,30.5
516,136.5,31,137,31,137,30.5,136.5,30.5
517,137,31,137.5,31,137.5,30.5,137,30.5
518,137.5,31,138,31,138,30.5,137.5,30.5
519,122,30.5,122.5,30.5,122.5,30,122,30
520,122.5,30.5,123,30.5,123,30,122.5,30
521,123,30.5,123.5,30.5,123.5,30,123,30
522,123.5,30.5,124,30.5,124,30,123.5,30
523,124,30.5,124.5,30.5,124.5,30,124,30
524,124.5,30.5,125,30.5,125,30,124.5,30
525,125,30.5,125.5,30.5,125.5,30,125,30
526,125.5,30.5,126,30.5,126,30,125.5,30
527,126,30.5,126.5,30.5,126.5,30,126,30
528,126.5,30.5,127,30.5,127,30,126.5,30
529,127,30.5,127.5,30.5,127.5,30,127,30
530,127.5,30.5,128,30.5,128,30,127.5,30
531,128,30.5,128.5,30.5,128.5,30,128,30
532,128.5,30.5,129,30.5,129,30,128.5,30
533,129,30.5,129.5,30.5,129.5,30,129,30
534,129.5,30.5,130,30.5,130,30,129.5,30
535,130,30.5,130.5,30.5,130.5,30,130,30
536,130.5,30.5,131,30.5,131,30,130.5,30
537,131,30.5,131.5,30.5,131.5,30,131,30
538,131.5,30.5,132,30.5,132,30,131.5,30
539,132,30.5,132.5,30.5,132.5,30,132,30
540,132.5,30.5,133,30.5,133,30,132.5,30
541,133,30.5,133.5,30.5,133.5,30,133,30
542,133.5,30.5,134,30.5,134,30,133.5,30
543,134,30.5,134.5,30.5,134.5,30,134,30
544,134.5,30.5,135,30.5,135,30,134.5,30
545,135,30.5,135.5,30.5,135.5,30,135,30
546,135.5,30.5,136,30.5,136,30,135.5,30
547,136,30.5,136.5,30.5,136.5,30,136,30
548,136.5,30.5,137,30.5,137,30,136.5,30
549,137,30.5,137.5,30.5,137.5,30,137,30
550,137.5,30.5,138,30.5,138,30,137.5,30
551,122,30,122.5,30,122.5,29.5,122,29.5
552,122.5,30,123,30,123,29.5,122.5,29.5
553,123,30,123.5,30,123.5,29.5,123,29.5
554,123.5,30,124,30,124,29.5,123.5,29.5
555,124,30,124.5,30,124.5,29.5,124,29.5
556,124.5,30,125,30,125,29.5,124.5,29.5
557,125,30,125.5,30,125.5,29.5,125,29.5
558,125.5,30,126,30,126,29.5,125.5,29.5
559,126,30,126.5,30,126.5,29.5,126,29.5
560,126.5,30,127,30,127,29.5,126.5,29.5
561,127,30,127.5,30,127.5,29.5,127,29.5
562,127.5,30,128,30,128,29.5,127.5,29.5
563,128,30,128.5,30,128.5,29.5,128,29.5
564,128.5,30,129,30,129,29.5,128.5,29.5
565,129,30,129.5,30,129.5,29.5,129,29.5
566,129.5,30,130,30,130,29.5,129.5,29.5
567,130,30,130.5,30,130.5,29.5,130,29.5
568,130.5,30,131,30,131,29.5,130.5,29.5
569,131,30,131.5,30,131.5,29.5,131,29.5
570,131.5,30,132,30,132,29.5,131.5,29.5
571,132,30,132.5,30,132.5,29.5,132,29.5
572,132.5,30,133,30,133,29.5,132.5,29.5
573,133,30,133.5,30,133.5,29.5,133,29.5
574,133.5,30,134,30,134,29.5,133.5,29.5
575,134,30,134.5,30,134.5,29.5,134,29.5
576,134.5,30,135,30,135,29.5,134.5,29.5
577,135,30,135.5,30,135.5,29.5,135,29.5
578,135.5,30,136,30,136,29.5,135.5,29.5
579,136,30,136.5,30,136.5,29.5,136,29.5
580,136.5,30,137,30,137,29.5,136.5,29.5
581,137,30,137.5,30,137.5,29.5,137,29.5
582,137.5,30,138,30,138,29.5,137.5,29.5
583,135,29.5,135.5,29.5,135.5,29,135,29
584,135.5,29.5,136,29.5,136,29,135.5,29
585,136,29.5,136.5,29.5,136.5,29,136,29
586,136.5,29.5,137,29.5,137,29,136.5,29
587,137,29.5,137.5,29.5,137.5,29,137,29
588,137.5,29.5,138,29.5,138,29,137.5,29
589,135,29,135.5,29,135.5,28.5,135,28.5
590,135.5,29,136,29,136,28.5,135.5,28.5
591,136,29,136.5,29,136.5,28.5,136,28.5
592,136.5,29,137,29,137,28.5,136.5,28.5
593,137,29,137.5,29,137.5,28.5,137,28.5
594,137.5,29,138,29,138,28.5,137.5,28.5
595,135,28.5,135.5,28.5,135.5,28,135,28
596,135.5,28.5,136,28.5,136,28,135.5,28
597,136,28.5,136.5,28.5,136.5,28,136,28
598,136.5,28.5,137,28.5,137,28,136.5,28
599,137,28.5,137.5,28.5,137.5,28,137,28
600,137.5,28.5,138,28.5,138,28,137.5,28
601,121,30.5,121.5,30.5,121.5,30,121,30
602,121.5,30.5,122,30.5,122,30,121.5,30
603,121,30,121.5,30,121.5,29.5,121,29.5
604,121.5,30,122,30,122,29.5,121.5,29.5
605,122,29.5,122.5,29.5,122.5,29,122,29
606,122.5,29.5,123,29.5,123,29,122.5,29
607,123,29.5,123.5,29.5,123.5,29,123,29
608,123.5,29.5,124,29.5,124,29,123.5,29
609,124,29.5,124.5,29.5,124.5,29,124,29
610,124.5,29.5,125,29.5,125,29,124.5,29
615,122,29,122.5,29,122.5,28.5,122,28.5
616,122.5,29,123,29,123,28.5,122.5,28.5
617,123,29,123.5,29,123.5,28.5,123,28.5
618,123.5,29,124,29,124,28.5,123.5,28.5
619,124,29,124.5,29,124.5,28.5,124,28.5
620,124.5,29,125,29,125,28.5,124.5,28.5
624,121.5,28.5,122,28.5,122,28,121.5,28
625,122,28.5,122.5,28.5,122.5,28,122,28
626,122.5,28.5,123,28.5,123,28,122.5,28
627,123,28.5,123.5,28.5,123.5,28,123,28
628,123.5,28.5,124,28.5,124,28,123.5,28
629,124,28.5,124.5,28.5,124.5,28,124,28
630,124.5,28.5,125,28.5,125,28,124.5,28
633,121,28,121.5,28,121.5,27.5,121,27.5
634,121.5,28,122,28,122,27.5,121.5,27.5
635,122,28,122.5,28,122.5,27.5,122,27.5
636,122.5,28,123,28,123,27.5,122.5,27.5
637,123,28,123.5,28,123.5,27.5,123,27.5
638,123.5,28,124,28,124,27.5,123.5,27.5
639,124,28,124.5,28,124.5,27.5,124,27.5
640,124.5,28,125,28,125,27.5,124.5,27.5
642,120.5,27.5,121,27.5,121,27,120.5,27
643,121,27.5,121.5,27.5,121.5,27,121,27
644,121.5,27.5,122,27.5,122,27,121.5,27
645,122,27.5,122.5,27.5,122.5,27,122,27
646,122.5,27.5,123,27.5,123,27,122.5,27
647,123,27.5,123.5,27.5,123.5,27,123,27
648,123.5,27.5,124,27.5,124,27,123.5,27
649,124,27.5,124.5,27.5,124.5,27,124,27
650,124.5,27.5,125,27.5,125,27,124.5,27
651,120,27,120.5,27,120.5,26.5,120,26.5
652,120.5,27,121,27,121,26.5,120.5,26.5
653,121,27,121.5,27,121.5,26.5,121,26.5
654,121.5,27,122,27,122,26.5,121.5,26.5
655,122,27,122.5,27,122.5,26.5,122,26.5
656,122.5,27,123,27,123,26.5,122.5,26.5
657,123,27,123.5,27,123.5,26.5,123,26.5
658,123.5,27,124,27,124,26.5,123.5,26.5
659,124,27,124.5,27,124.5,26.5,124,26.5
660,124.5,27,125,27,125,26.5,124.5,26.5
661,120,26.5,120.5,26.5,120.5,26,120,26
662,120.5,26.5,121,26.5,121,26,120.5,26
663,121,26.5,121.5,26.5,121.5,26,121,26
664,121.5,26.5,122,26.5,122,26,121.5,26
665,122,26.5,122.5,26.5,122.5,26,122,26
666,122.5,26.5,123,26.5,123,26,122.5,26
667,123,26.5,123.5,26.5,123.5,26,123,26
668,123.5,26.5,124,26.5,124,26,123.5,26
669,124,26.5,124.5,26.5,124.5,26,124,26
670,124.5,26.5,125,26.5,125,26,124.5,26
671,120,26,120.5,26,120.5,25.5,120,25.5
672,120.5,26,121,26,121,25.5,120.5,25.5
673,121,26,121.5,26,121.5,25.5,121,25.5
674,121.5,26,122,26,122,25.5,121.5,25.5
675,122,26,122.5,26,122.5,25.5,122,25.5
676,122.5,26,123,26,123,25.5,122.5,25.5
677,123,26,123.5,26,123.5,25.5,123,25.5
678,123.5,26,124,26,124,25.5,123.5,25.5
679,124,26,124.5,26,124.5,25.5,124,25.5
680,124.5,26,125,26,125,25.5,124.5,25.5
681,120,25.5,120.5,25.5,120.5,25,120,25
682,120.5,25.5,121,25.5,121,25,120.5,25
683,121,25.5,121.5,25.5,121.5,25,121,25
684,121.5,25.5,122,25.5,122,25,121.5,25
685,122,25.5,122.5,25.5,122.5,25,122,25
686,122.5,25.5,123,25.5,123,25,122.5,25
687,123,25.5,123.5,25.5,123.5,25,123,25
688,123.5,25.5,124,25.5,124,25,123.5,25
689,124,25.5,124.5,25.5,124.5,25,124,25
690,124.5,25.5,125,25.5,125,25,124.5,25
691,120,25,120.5,25,120.5,24.5,120,24.5
692,120.5,25,121,25,121,24.5,120.5,24.5
693,121,25,121.5,25,121.5,24.5,121,24.5
694,121.5,25,122,25,122,24.5,121.5,24.5
695,122,25,122.5,25,122.5,24.5,122,24.5
696,122.5,25,123,25,123,24.5,122.5,24.5
697,123,25,123.5,25,123.5,24.5,123,24.5
698,123.5,25,124,25,124,24.5,123.5,24.5
699,124,25,124.5,25,124.5,24.5,124,24.5
700,124.5,25,125,25,125,24.5,124.5,24.5
701,125,29.5,125.5,29.5,125.5,29,125,29
702,125.5,29.5,126,29.5,126,29,125.5,29
703,126,29.5,126.5,29.5,126.5,29,126,29
704,126.5,29.5,127,29.5,127,29,126.5,29
705,127,29.5,127.5,29.5,127.5,29,127,29
706,127.5,29.5,128,29.5,128,29,127.5,29
707,128,29.5,128.5,29.5,128.5,29,128,29
708,128.5,29.5,129,29.5,129,29,128.5,29
709,129,29.5,129.5,29.5,129.5,29,129,29
710,129.5,29.5,130,29.5,130,29,129.5,29
711,125,29,125.5,29,125.5,28.5,125,28.5
712,125.5,29,126,29,126,28.5,125.5,28.5
713,126,29,126.5,29,126.5,28.5,126,28.5
714,126.5,29,127,29,127,28.5,126.5,28.5
715,127,29,127.5,29,127.5,28.5,127,28.5
716,127.5,29,128,29,128,28.5,127.5,28.5
717,128,29,128.5,29,128.5,28.5,128,28.5
718,128.5,29,129,29,129,28.5,128.5,28.5
719,129,29,129.5,29,129.5,28.5,129,28.5
720,129.5,29,130,29,130,28.5,129.5,28.5
721,125,28.5,125.5,28.5,125.5,28,125,28
722,125.5,28.5,126,28.5,126,28,125.5,28
723,126,28.5,126.5,28.5,126.5,28,126,28
724,126.5,28.5,127,28.5,127,28,126.5,28
725,127,28.5,127.5,28.5,127.5,28,127,28
726,127.5,28.5,128,28.5,128,28,127.5,28
727,128,28.5,128.5,28.5,128.5,28,128,28
728,128.5,28.5,129,28.5,129,28,128.5,28
729,129,28.5,129.5,28.5,129.5,28,129,28
730,129.5,28.5,130,28.5,130,28,129.5,28
731,125,28,125.5,28,125.5,27.5,125,27.5
732,125.5,28,126,28,126,27.5,125.5,27.5
733,126,28,126.5,28,126.5,27.5,126,27.5
734,126.5,28,127,28,127,27.5,126.5,27.5
735,127,28,127.5,28,127.5,27.5,127,27.5
736,127.5,28,128,28,128,27.5,127.5,27.5
737,128,28,128.5,28,128.5,27.5,128,27.5
738,128.5,28,129,28,129,27.5,128.5,27.5
739,129,28,129.5,28,129.5,27.5,129,27.5
740,129.5,28,130,28,130,27.5,129.5,27.5
741,125,27.5,125.5,27.5,125.5,27,125,27
742,125.5,27.5,126,27.5,126,27,125.5,27
743,126,27.5,126.5,27.5,126.5,27,126,27
744,126.5,27.5,127,27.5,127,27,126.5,27
745,127,27.5,127.5,27.5,127.5,27,127,27
746,127.5,27.5,128,27.5,128,27,127.5,27
747,128,27.5,128.5,27.5,128.5,27,128,27
748,128.5,27.5,129,27.5,129,27,128.5,27
749,129,27.5,129.5,27.5,129.5,27,129,27
750,129.5,27.5,130,27.5,130,27,129.5,27
751,125,27,125.5,27,125.5,26.5,125,26.5
752,125.5,27,126,27,126,26.5,125.5,26.5
753,126,27,126.5,27,126.5,26.5,126,26.5
754,126.5,27,127,27,127,26.5,126.5,26.5
755,127,27,127.5,27,127.5,26.5,127,26.5
756,127.5,27,128,27,128,26.5,127.5,26.5
757,128,27,128.5,27,128.5,26.5,128,26.5
758,128.5,27,129,27,129,26.5,128.5,26.5
759,129,27,129.5,27,129.5,26.5,129,26.5
760,129.5,27,130,27,130,26.5,129.5,26.5
761,125,26.5,125.5,26.5,125.5,26,125,26
762,125.5,26.5,126,26.5,126,26,125.5,26
763,126,26.5,126.5,26.5,126.5,26,126,26
764,126.5,26.5,127,26.5,127,26,126.5,26
765,127,26.5,127.5,26.5,127.5,26,127,26
766,127.5,26.5,128,26.5,128,26,127.5,26
767,128,26.5,128.5,26.5,128.5,26,128,26
768,128.5,26.5,129,26.5,129,26,128.5,26
769,129,26.5,129.5,26.5,129.5,26,129,26
770,129.5,26.5,130,26.5,130,26,129.5,26
771,125,26,125.5,26,125.5,25.5,125,25.5
772,125.5,26,126,26,126,25.5,125.5,25.5
773,126,26,126.5,26,126.5,25.5,126,25.5
774,126.5,26,127,26,127,25.5,126.5,25.5
775,127,26,127.5,26,127.5,25.5,127,25.5
776,127.5,26,128,26,128,25.5,127.5,25.5
777,128,26,128.5,26,128.5,25.5,128,25.5
778,128.5,26,129,26,129,25.5,128.5,25.5
779,129,26,129.5,26,129.5,25.5,129,25.5
780,129.5,26,130,26,130,25.5,129.5,25.5
781,125,25.5,125.5,25.5,125.5,25,125,25
782,125.5,25.5,126,25.5,126,25,125.5,25
783,126,25.5,126.5,25.5,126.5,25,126,25
784,126.5,25.5,127,25.5,127,25,126.5,25
785,127,25.5,127.5,25.5,127.5,25,127,25
786,127.5,25.5,128,25.5,128,25,127.5,25
787,128,25.5,128.5,25.5,128.5,25,128,25
788,128.5,25.5,129,25.5,129,25,128.5,25
789,129,25.5,129.5,25.5,129.5,25,129,25
790,129.5,25.5,130,25.5,130,25,129.5,25
791,125,25,125.5,25,125.5,24.5,125,24.5
792,125.5,25,126,25,126,24.5,125.5,24.5
793,126,25,126.5,25,126.5,24.5,126,24.5
794,126.5,25,127,25,127,24.5,126.5,24.5
795,127,25,127.5,25,127.5,24.5,127,24.5
796,127.5,25,128,25,128,24.5,127.5,24.5
797,128,25,128.5,25,128.5,24.5,128,24.5
798,128.5,25,129,25,129,24.5,128.5,24.5
799,129,25,129.5,25,129.5,24.5,129,24.5
800,129.5,25,130,25,130,24.5,129.5,24.5
801,130,29.5,130.5,29.5,130.5,29,130,29
802,130.5,29.5,131,29.5,131,29,130.5,29
803,131,29.5,131.5,29.5,131.5,29,131,29
804,131.5,29.5,132,29.5,132,29,131.5,29
805,132,29.5,132.5,29.5,132.5,29,132,29
806,132.5,29.5,133,29.5,133,29,132.5,29
807,133,29.5,133.5,29.5,133.5,29,133,29
808,133.5,29.5,134,29.5,134,29,133.5,29
809,134,29.5,134.5,29.5,134.5,29,134,29
810,134.5,29.5,135,29.5,135,29,134.5,29
811,130,29,130.5,29,130.5,28.5,130,28.5
812,130.5,29,131,29,131,28.5,130.5,28.5
813,131,29,131.5,29,131.5,28.5,131,28.5
814,131.5,29,132,29,132,28.5,131.5,28.5
815,132,29,132.5,29,132.5,28.5,132,28.5
816,132.5,29,133,29,133,28.5,132.5,28.5
817,133,29,133.5,29,133.5,28.5,133,28.5
818,133.5,29,134,29,134,28.5,133.5,28.5
819,134,29,134.5,29,134.5,28.5,134,28.5
820,134.5,29,135,29,135,28.5,134.5,28.5
821,130,28.5,130.5,28.5,130.5,28,130,28
822,130.5,28.5,131,28.5,131,28,130.5,28
823,131,28.5,131.5,28.5,131.5,28,131,28
824,131.5,28.5,132,28.5,132,28,131.5,28
825,132,28.5,132.5,28.5,132.5,28,132,28
826,132.5,28.5,133,28.5,133,28,132.5,28
827,133,28.5,133.5,28.5,133.5,28,133,28
828,133.5,28.5,134,28.5,134,28,133.5,28
829,134,28.5,134.5,28.5,134.5,28,134,28
830,134.5,28.5,135,28.5,135,28,134.5,28
831,130,28,130.5,28,130.5,27.5,130,27.5
832,130.5,28,131,28,131,27.5,130.5,27.5
833,131,28,131.5,28,131.5,27.5,131,27.5
834,131.5,28,132,28,132,27.5,131.5,27.5
835,132,28,132.5,28,132.5,27.5,132,27.5
836,132.5,28,133,28,133,27.5,132.5,27.5
837,133,28,133.5,28,133.5,27.5,133,27.5
838,133.5,28,134,28,134,27.5,133.5,27.5
839,134,28,134.5,28,134.5,27.5,134,27.5
840,134.5,28,135,28,135,27.5,134.5,27.5
841,130,27.5,130.5,27.5,130.5,27,130,27
842,130.5,27.5,131,27.5,131,27,130.5,27
843,131,27.5,131.5,27.5,131.5,27,131,27
844,131.5,27.5,132,27.5,132,27,131.5,27
845,132,27.5,132.5,27.5,132.5,27,132,27
846,132.5,27.5,133,27.5,133,27,132.5,27
847,133,27.5,133.5,27.5,133.5,27,133,27
848,133.5,27.5,134,27.5,134,27,133.5,27
849,134,27.5,134.5,27.5,134.5,27,134,27
850,134.5,27.5,135,27.5,135,27,134.5,27
851,130,27,130.5,27,130.5,26.5,130,26.5
852,130.5,27,131,27,131,26.5,130.5,26.5
853,131,27,131.5,27,131.5,26.5,131,26.5
854,131.5,27,132,27,132,26.5,131.5,26.5
855,132,27,132.5,27,132.5,26.5,132,26.5
856,132.5,27,133,27,133,26.5,132.5,26.5
857,133,27,133.5,27,133.5,26.5,133,26.5
858,133.5,27,134,27,134,26.5,133.5,26.5
859,134,27,134.5,27,134.5,26.5,134,26.5
860,134.5,27,135,27,135,26.5,134.5,26.5
861,130,26.5,130.5,26.5,130.5,26,130,26
862,130.5,26.5,131,26.5,131,26,130.5,26
863,131,26.5,131.5,26.5,131.5,26,131,26
864,131.5,26.5,132,26.5,132,26,131.5,26
865,132,26.5,132.5,26.5,132.5,26,132,26
866,132.5,26.5,133,26.5,133,26,132.5,26
867,133,26.5,133.5,26.5,133.5,26,133,26
868,133.5,26.5,134,26.5,134,26,133.5,26
869,134,26.5,134.5,26.5,134.5,26,134,26
870,134.5,26.5,135,26.5,135,26,134.5,26
871,130,26,130.5,26,130.5,25.5,130,25.5
872,130.5,26,131,26,131,25.5,130.5,25.5
873,131,26,131.5,26,131.5,25.5,131,25.5
874,131.5,26,132,26,132,25.5,131.5,25.5
875,132,26,132.5,26,132.5,25.5,132,25.5
876,132.5,26,133,26,133,25.5,132.5,25.5
877,133,26,133.5,26,133.5,25.5,133,25.5
878,133.5,26,134,26,134,25.5,133.5,25.5
879,134,26,134.5,26,134.5,25.5,134,25.5
880,134.5,26,135,26,135,25.5,134.5,25.5
881,130,25.5,130.5,25.5,130.5,25,130,25
882,130.5,25.5,131,25.5,131,25,130.5,25
883,131,25.5,131.5,25.5,131.5,25,131,25
884,131.5,25.5,132,25.5,132,25,131.5,25
885,132,25.5,132.5,25.5,132.5,25,132,25
886,132.5,25.5,133,25.5,133,25,132.5,25
887,133,25.5,133.5,25.5,133.5,25,133,25
888,133.5,25.5,134,25.5,134,25,133.5,25
889,134,25.5,134.5,25.5,134.5,25,134,25
890,134.5,25.5,135,25.5,135,25,134.5,25
891,130,25,130.5,25,130.5,24.5,130,24.5
892,130.5,25,131,25,131,24.5,130.5,24.5
893,131,25,131.5,25,131.5,24.5,131,24.5
894,131.5,25,132,25,132,24.5,131.5,24.5
895,132,25,132.5,25,132.5,24.5,132,24.5
896,132.5,25,133,25,133,24.5,132.5,24.5
897,133,25,133.5,25,133.5,24.5,133,24.5
898,133.5,25,134,25,134,24.5,133.5,24.5
899,134,25,134.5,25,134.5,24.5,134,24.5
900,134.5,25,135,25,135,24.5,134.5,24.5
901,134,35.5,134.5,35.5,134.5,35,134,35
902,134.5,35.5,135,35.5,135,35,134.5,35
903,135,35.5,135.5,35.5,135.5,35,135,35
904,135.5,35.5,136,35.5,136,35,135.5,35
905,134,36,134.5,36,134.5,35.5,134,35.5
906,134.5,36,135,36,135,35.5,134.5,35.5
907,135,36,135.5,36,135.5,35.5,135,35.5
908,135.5,36,136,36,136,35.5,135.5,35.5
909,136,36,136.5,36,136.5,35.5,136,35.5
910,134,36.5,134.5,36.5,134.5,36,134,36
911,134.5,36.5,135,36.5,135,36,134.5,36
912,135,36.5,135.5,36.5,135.5,36,135,36
913,135.5,36.5,136,36.5,136,36,135.5,36
914,136,36.5,136.5,36.5,136.5,36,136,36
915,136.5,36.5,137,36.5,137,36,136.5,36
916,134,37,134.5,37,134.5,36.5,134,36.5
917,134.5,37,135,37,135,36.5,134.5,36.5
918,135,37,135.5,37,135.5,36.5,135,36.5
919,135.5,37,136,37,136,36.5,135.5,36.5
920,136,37,136.5,37,136.5,36.5,136,36.5
921,136.5,37,137,37,137,36.5,136.5,36.5
922,137,37,137.5,37,137.5,36.5,137,36.5
923,137.5,37,138,37,138,36.5,137.5,36.5
924,134,37.5,134.5,37.5,134.5,37,134,37
925,134.5,37.5,135,37.5,135,37,134.5,37
926,135,37.5,135.5,37.5,135.5,37,135,37
927,135.5,37.5,136,37.5,136,37,135.5,37
928,136,37.5,136.5,37.5,136.5,37,136,37
929,136.5,37.5,137,37.5,137,37,136.5,37
930,137,37.5,137.5,37.5,137.5,37,137,37
931,137.5,37.5,138,37.5,138,37,137.5,37
932,134,38,134.5,38,134.5,37.5,134,37.5
933,134.5,38,135,38,135,37.5,134.5,37.5
934,135,38,135.5,38,135.5,37.5,135,37.5
935,135.5,38,136,38,136,37.5,135.5,37.5
936,136,38,136.5,38,136.5,37.5,136,37.5
937,136.5,38,137,38,137,37.5,136.5,37.5
938,137,38,137.5,38,137.5,37.5,137,37.5
939,137.5,38,138,38,138,37.5,137.5,37.5
940,134,38.5,134.5,38.5,134.5,38,134,38
941,134.5,38.5,135,38.5,135,38,134.5,38
942,135,38.5,135.5,38.5,135.5,38,135,38
943,135.5,38.5,136,38.5,136,38,135.5,38
944,136,38.5,136.5,38.5,136.5,38,136,38
945,136.5,38.5,137,38.5,137,38,136.5,38
946,137,38.5,137.5,38.5,137.5,38,137,38
947,137.5,38.5,138,38.5,138,38,137.5,38
948,134,39,134.5,39,134.5,38.5,134,38.5
949,134.5,39,135,39,135,38.5,134.5,38.5
950,135,39,135.5,39,135.5,38.5,135,38.5
951,135.5,39,136,39,136,38.5,135.5,38.5
952,136,39,136.5,39,136.5,38.5,136,38.5
953,136.5,39,137,39,137,38.5,136.5,38.5
954,137,39,137.5,39,137.5,38.5,137,38.5
955,137.5,39,138,39,138,38.5,137.5,38.5
956,134,39.5,134.5,39.5,134.5,39,134,39
957,134.5,39.5,135,39.5,135,39,134.5,39
958,135,39.5,135.5,39.5,135.5,39,135,39
959,135.5,39.5,136,39.5,136,39,135.5,39
960,136,39.5,136.5,39.5,136.5,39,136,39
961,136.5,39.5,137,39.5,137,39,136.5,39
962,137,39.5,137.5,39.5,137.5,39,137,39
963,137.5,39.5,138,39.5,138,39,137.5,39
964,134,40,134.5,40,134.5,39.5,134,39.5
965,134.5,40,135,40,135,39.5,134.5,39.5
966,135,40,135.5,40,135.5,39.5,135,39.5
967,135.5,40,136,40,136,39.5,135.5,39.5
968,136,40,136.5,40,136.5,39.5,136,39.5
969,136.5,40,137,40,137,39.5,136.5,39.5
970,137,40,137.5,40,137.5,39.5,137,39.5
971,137.5,40,138,40,138,39.5,137.5,39.5
972,134,40.5,134.5,40.5,134.5,40,134,40
973,134.5,40.5,135,40.5,135,40,134.5,40
974,135,40.5,135.5,40.5,135.5,40,135,40
975,135.5,40.5,136,40.5,136,40,135.5,40
976,136,40.5,136.5,40.5,136.5,40,136,40
977,136.5,40.5,137,40.5,137,40,136.5,40
978,137,40.5,137.5,40.5,137.5,40,137,40
979,137.5,40.5,138,40.5,138,40,137.5,40
980,134,41,134.5,41,134.5,40.5,134,40.5
981,134.5,41,135,41,135,40.5,134.5,40.5
982,135,41,135.5,41,135.5,40.5,135,40.5
983,135.5,41,136,41,136,40.5,135.5,40.5
984,136,41,136.5,41,136.5,40.5,136,40.5
985,136.5,41,137,41,137,40.5,136.5,40.5
986,137,41,137.5,41,137.5,40.5,137,40.5
987,137.5,41,138,41,138,40.5,137.5,40.5
988,134,41.5,134.5,41.5,134.5,41,134,41
989,134.5,41.5,135,41.5,135,41,134.5,41
990,135,41.5,135.5,41.5,135.5,41,135,41
991,135.5,41.5,136,41.5,136,41,135.5,41
992,136,41.5,136.5,41.5,136.5,41,136,41
993,136.5,41.5,137,41.5,137,41,136.5,41
994,137,41.5,137.5,41.5,137.5,41,137,41
995,137.5,41.5,138,41.5,138,41,137.5,41
996,134,42,134.5,42,134.5,41.5,134,41.5
997,134.5,42,135,42,135,41.5,134.5,41.5
998,135,42,135.5,42,135.5,41.5,135,41.5
999,135.5,42,136,42,136,41.5,135.5,41.5
1000,136,42,136.5,42,136.5,41.5,136,41.5
1001,136.5,42,137,42,137,41.5,136.5,41.5
1002,137,42,137.5,42,137.5,41.5,137,41.5
1003,137.5,42,138,42,138,41.5,137.5,41.5
1004,134,42.5,134.5,42.5,134.5,42,134,42
1005,134.5,42.5,135,42.5,135,42,134.5,42
1006,135,42.5,135.5,42.5,135.5,42,135,42
1007,135.5,42.5,136,42.5,136,42,135.5,42
1008,136,42.5,136.5,42.5,136.5,42,136,42
1009,136.5,42.5,137,42.5,137,42,136.5,42
1010,137,42.5,137.5,42.5,137.5,42,137,42
1011,137.5,42.5,138,42.5,138,42,137.5,42
1237,138,42.5,138.5,42.5,138.5,42,138,42
1238,138.5,42.5,139,42.5,139,42,138.5,42
1239,139,42.5,139.5,42.5,139.5,42,139,42
1240,139.5,42.5,140,42.5,140,42,139.5,42
1247,138,42,138.5,42,138.5,41.5,138,41.5
1248,138.5,42,139,42,139,41.5,138.5,41.5
1249,139,42,139.5,42,139.5,41.5,139,41.5
1250,139.5,42,140,42,140,41.5,139.5,41.5
1261,138,41.5,138.5,41.5,138.5,41,138,41
1262,138.5,41.5,139,41.5,139,41,138.5,41
1263,139,41.5,139.5,41.5,139.5,41,139,41
1264,139.5,41.5,140,41.5,140,41,139.5,41
1275,138,41,138.5,41,138.5,40.5,138,40.5
1276,138.5,41,139,41,139,40.5,138.5,40.5
1277,139,41,139.5,41,139.5,40.5,139,40.5
1278,139.5,41,140,41,140,40.5,139.5,40.5
1289,138,40.5,138.5,40.5,138.5,40,138,40
1290,138.5,40.5,139,40.5,139,40,138.5,40
1291,139,40.5,139.5,40.5,139.5,40,139,40
1292,139.5,40.5,140,40.5,140,40,139.5,40
1303,138,40,138.5,40,138.5,39.5,138,39.5
1304,138.5,40,139,40,139,39.5,138.5,39.5
1305,139,40,139.5,40,139.5,39.5,139,39.5
1306,139.5,40,140,40,140,39.5,139.5,39.5
1314,138,39.5,138.5,39.5,138.5,39,138,39
1315,138.5,39.5,139,39.5,139,39,138.5,39
1316,139,39.5,139.5,39.5,139.5,39,139,39
1317,139.5,39.5,140,39.5,140,39,139.5,39
1325,138,39,138.5,39,138.5,38.5,138,38.5
1326,138.5,39,139,39,139,38.5,138.5,38.5
1327,139,39,139.5,39,139.5,38.5,139,38.5
1328,139.5,39,140,39,140,38.5,139.5,38.5
1336,138,38.5,138.5,38.5,138.5,38,138,38
1337,138.5,38.5,139,38.5,139,38,138.5,38
1338,139,38.5,139.5,38.5,139.5,38,139,38
1339,139.5,38.5,140,38.5,140,38,139.5,38
1347,138,38,138.5,38,138.5,37.5,138,37.5
1348,138.5,38,139,38,139,37.5,138.5,37.5
1349,139,38,139.5,38,139.5,37.5,139,37.5
1358,138,37.5,138.5,37.5,138.5,37,138,37
1359,138.5,37.5,139,37.5,139,37,138.5,37
1368,138,37,138.5,37,138.5,36.5,138,36.5
1420,139,34.5,139.5,34.5,139.5,34,139,34
1421,139.5,34.5,140,34.5,140,34,139.5,34
1432,138,34,138.5,34,138.5,33.5,138,33.5
1433,138.5,34,139,34,139,33.5,138.5,33.5
1434,139,34,139.5,34,139.5,33.5,139,33.5
1435,139.5,34,140,34,140,33.5,139.5,33.5
1446,138,33.5,138.5,33.5,138.5,33,138,33
1447,138.5,33.5,139,33.5,139,33,138.5,33
1448,139,33.5,139.5,33.5,139.5,33,139,33
1449,139.5,33.5,140,33.5,140,33,139.5,33
1460,138,33,138.5,33,138.5,32.5,138,32.5
1461,138.5,33,139,33,139,32.5,138.5,32.5
1462,139,33,139.5,33,139.5,32.5,139,32.5
1463,139.5,33,140,33,140,32.5,139.5,32.5
1474,138,32.5,138.5,32.5,138.5,32,138,32
1475,138.5,32.5,139,32.5,139,32,138.5,32
1476,139,32.5,139.5,32.5,139.5,32,139,32
1477,139.5,32.5,140,32.5,140,32,139.5,32
1488,138,32,138.5,32,138.5,31.5,138,31.5
1489,138.5,32,139,32,139,31.5,138.5,31.5
1490,139,32,139.5,32,139.5,31.5,139,31.5
1491,139.5,32,140,32,140,31.5,139.5,31.5
1502,138,31.5,138.5,31.5,138.5,31,138,31
1503,138.5,31.5,139,31.5,139,31,138.5,31
1504,139,31.5,139.5,31.5,139.5,31,139,31
1505,139.5,31.5,140,31.5,140,31,139.5,31
1516,138,31,138.5,31,138.5,30.5,138,30.5
1517,138.5,31,139,31,139,30.5,138.5,30.5
1518,139,31,139.5,31,139.5,30.5,139,30.5
1519,139.5,31,140,31,140,30.5,139.5,30.5
1530,138,30.5,138.5,30.5,138.5,30,138,30
1531,138.5,30.5,139,30.5,139,30,138.5,30
1532,139,30.5,139.5,30.5,139.5,30,139,30
1533,139.5,30.5,140,30.5,140,30,139.5,30
1544,138,30,138.5,30,138.5,29.5,138,29.5
1545,138.5,30,139,30,139,29.5,138.5,29.5
1546,139,30,139.5,30,139.5,29.5,139,29.5
1547,139.5,30,140,30,140,29.5,139.5,29.5
1558,138,29.5,138.5,29.5,138.5,29,138,29
1559,138.5,29.5,139,29.5,139,29,138.5,29
1560,139,29.5,139.5,29.5,139.5,29,139,29
1561,139.5,29.5,140,29.5,140,29,139.5,29
1572,138,29,138.5,29,138.5,28.5,138,28.5
1573,138.5,29,139,29,139,28.5,138.5,28.5
1574,139,29,139.5,29,139.5,28.5,139,28.5
1575,139.5,29,140,29,140,28.5,139.5,28.5
1586,138,28.5,138.5,28.5,138.5,28,138,28
1587,138.5,28.5,139,28.5,139,28,138.5,28
1588,139,28.5,139.5,28.5,139.5,28,139,28
1589,139.5,28.5,140,28.5,140,28,139.5,28
1600,138,28,138.5,28,138.5,27.5,138,27.5
1601,138.5,28,139,28,139,27.5,138.5,27.5
1602,139,28,139.5,28,139.5,27.5,139,27.5
1603,139.5,28,140,28,140,27.5,139.5,27.5
1614,138,27.5,138.5,27.5,138.5,27,138,27
1615,138.5,27.5,139,27.5,139,27,138.5,27
1616,139,27.5,139.5,27.5,139.5,27,139,27
1617,139.5,27.5,140,27.5,140,27,139.5,27
1628,138,27,138.5,27,138.5,26.5,138,26.5
1629,138.5,27,139,27,139,26.5,138.5,26.5
1630,139,27,139.5,27,139.5,26.5,139,26.5
1631,139.5,27,140,27,140,26.5,139.5,26.5
1642,138,26.5,138.5,26.5,138.5,26,138,26
1643,138.5,26.5,139,26.5,139,26,138.5,26
1644,139,26.5,139.5,26.5,139.5,26,139,26
1645,139.5,26.5,140,26.5,140,26,139.5,26
1656,138,26,138.5,26,138.5,25.5,138,25.5
1657,138.5,26,139,26,139,25.5,138.5,25.5
1658,139,26,139.5,26,139.5,25.5,139,25.5
1659,139.5,26,140,26,140,25.5,139.5,25.5
1670,138,25.5,138.5,25.5,138.5,25,138,25
1671,138.5,25.5,139,25.5,139,25,138.5,25
1672,139,25.5,139.5,25.5,139.5,25,139,25
1673,139.5,25.5,140,25.5,140,25,139.5,25
1684,138,25,138.5,25,138.5,24.5,138,24.5
1685,138.5,25,139,25,139,24.5,138.5,24.5
1686,139,25,139.5,25,139.5,24.5,139,24.5
1687,139.5,25,140,25,140,24.5,139.5,24.5
5021,127.5,40,128,40,128,39.5,127.5,39.5
5022,128,40,128.5,40,128.5,39.5,128,39.5
5029,127,39.5,127.5,39.5,127.5,39,127,39
5038,127,39,127.5,39,127.5,38.5,127,38.5
5047,127.5,38.5,128,38.5,128,38,127.5,38
5055,128,38,128.5,38,128.5,37.5,128,37.5
5087,129,35.5,129.5,35.5,129.5,35,129,35
5097,127.5,35,128,35,128,34.5,127.5,34.5
5098,128,35,128.5,35,128.5,34.5,128,34.5
5099,128.5,35,129,35,129,34.5,128.5,34.5
5118,124.5,39.5,125,39.5,125,39,124.5,39
5124,125,39.5,125.5,39.5,125.5,39,125,39
5130,125,38.5,125.5,38.5,125.5,38,125,38
5131,125.5,38.5,126,38.5,126,38,125.5,38
5137,125,38,125.5,38,125.5,37.5,125,37.5
5138,125.5,38,126,38,126,37.5,125.5,37.5
5146,126,37.5,126.5,37.5,126.5,37,126,37
5147,126.5,37.5,127,37.5,127,37,126.5,37
5154,126.5,37,127,37,127,36.5,126.5,36.5
5164,126.5,36.5,127,36.5,127,36,126.5,36
5174,126.5,36,127,36,127,35.5,126.5,35.5
5184,126.5,35.5,127,35.5,127,35,126.5,35
5213,126.5,34.5,127,34.5,127,34,126.5,34
5214,127,34.5,127.5,34.5,127.5,34,127,34
6003,121.5,41,122,41,122,40.5,121.5,40.5
6005,119.5,40,120,40,120,39.5,119.5,39.5
6058,119,35,119.5,35,119.5,34.5,119,34.5
6062,119,34.5,119.5,34.5,119.5,34,119,34
6066,119.5,34,120,34,120,33.5,119.5,33.5
6076,120,32,120.5,32,120.5,31.5,120,31.5
6077,120.5,32,121,32,121,31.5,120.5,31.5
6116,122.5,39.5,123,39.5,123,39,122.5,39
6119,122,39,122.5,39,122.5,38.5,122,38.5
6137,121,37,121.5,37,121.5,36.5,121,36.5
6138,121.5,37,122,37,122,36.5,121.5,36.5
6139,122,37,122.5,37,122.5,36.5,122,36.5
6154,120.5,36.5,121,36.5,121,36,120.5,36
6155,121,36.5,121.5,36.5,121.5,36,121,36
6454,120,31.5,120.5,31.5,120.5,31,120,31
6455,120.5,31.5,121,31.5,121,31,120.5,31
6456,121,31.5,121.5,31.5,121.5,31,121,31
6457,121.5,31.5,122,31.5,122,31,121.5,31
6486,121,31,121.5,31,121.5,30.5,121,30.5
6487,121.5,31,122,31,122,30.5,121.5,30.5
6601,120.5,30.5,121,30.5,121,30,120.5,30
6602,120,30,120.5,30,120.5,29.5,120,29.5
6603,120.5,30,121,30,121,29.5,120.5,29.5
6604,121,29.5,121.5,29.5,121.5,29,121,29
6605,121.5,29.5,122,29.5,122,29,121.5,29
6614,121,29,121.5,29,121.5,28.5,121,28.5
6615,121.5,29,122,29,122,28.5,121.5,28.5
6624,121,28.5,121.5,28.5,121.5,28,121,28
6642,120.5,28,121,28,121,27.5,120.5,27.5
6660,119.5,26.5,120,26.5,120,26,119.5,26
6670,119.5,26,120,26,120,25.5,119.5,25.5
6680,119,25.5,119.5,25.5,119.5,25,119,25
6681,119.5,25.5,120,25.5,120,25,119.5,25
6690,119,25,119.5,25,119.5,24.5,119,24.5
6691,119.5,25,120,25,120,24.5,119.5,24.5
6901,120.5,40.5,121,40.5,121,40,120.5,40
6902,121,40.5,121.5,40.5,121.5,40,121,40
6903,121.5,40.5,122,40.5,122,40,121.5,40
6904,122,40.5,122.5,40.5,122.5,40,122,40
6905,120,40,120.5,40,120.5,39.5,120,39.5
6906,120.5,40,121,40,121,39.5,120.5,39.5
6907,121,40,121.5,40,121.5,39.5,121,39.5
6908,121.5,40,122,40,122,39.5,121.5,39.5
6909,122,40,122.5,40,122.5,39.5,122,39.5
6910,119,39.5,119.5,39.5,119.5,39,119,39
6911,119.5,39.5,120,39.5,120,39,119.5,39
6912,120,39.5,120.5,39.5,120.5,39,120,39
6913,120.5,39.5,121,39.5,121,39,120.5,39
6914,121,39.5,121.5,39.5,121.5,39,121,39
6915,121.5,39.5,122,39.5,122,39,121.5,39
6918,119,39,119.5,39,119.5,38.5,119,38.5
6919,119.5,39,120,39,120,38.5,119.5,38.5
6920,120,39,120.5,39,120.5,38.5,120,38.5
6921,120.5,39,121,39,121,38.5,120.5,38.5
6922,121,39,121.5,39,121.5,38.5,121,38.5
6923,121.5,39,122,39,122,38.5,121.5,38.5
6928,119,38.5,119.5,38.5,119.5,38,119,38
6929,119.5,38.5,120,38.5,120,38,119.5,38
6930,120,38.5,120.5,38.5,120.5,38,120,38
6931,120.5,38.5,121,38.5,121,38,120.5,38
6932,121,38.5,121.5,38.5,121.5,38,121,38
6933,121.5,38.5,122,38.5,122,38,121.5,38
6937,119,38,119.5,38,119.5,37.5,119,37.5
6938,119.5,38,120,38,120,37.5,119.5,37.5
6939,120,38,120.5,38,120.5,37.5,120,37.5
6940,120.5,38,121,38,121,37.5,120.5,37.5
6941,121,38,121.5,38,121.5,37.5,121,37.5
6943,119,37.5,119.5,37.5,119.5,37,119,37
6944,119.5,37.5,120,37.5,120,37,119.5,37
6945,120,37.5,120.5,37.5,120.5,37,120,37
6946,120.5,37.5,121,37.5,121,37,120.5,37
6947,121,37.5,121.5,37.5,121.5,37,121,37
6948,119,37,119.5,37,119.5,36.5,119,36.5
6949,119.5,37,120,37,120,36.5,119.5,36.5
6950,120,37,120.5,37,120.5,36.5,120,36.5
6951,120,36,120.5,36,120.5,35.5,120,35.5
6952,120.5,36,121,36,121,35.5,120.5,35.5
6953,121,36,121.5,36,121.5,35.5,121,35.5
6954,119.5,35.5,120,35.5,120,35,119.5,35
6955,120,35.5,120.5,35.5,120.5,35,120,35
6956,120.5,35.5,121,35.5,121,35,120.5,35
6957,121,35.5,121.5,35.5,121.5,35,121,35
6958,119.5,35,120,35,120,34.5,119.5,34.5
6959,120,35,120.5,35,120.5,34.5,120,34.5
6960,120.5,35,121,35,121,34.5,120.5,34.5
6961,121,35,121.5,35,121.5,34.5,121,34.5
6962,119.5,34.5,120,34.5,120,34,119.5,34
6963,120,34.5,120.5,34.5,120.5,34,120,34
6964,120.5,34.5,121,34.5,121,34,120.5,34
6965,121,34.5,121.5,34.5,121.5,34,121,34
6966,120,34,120.5,34,120.5,33.5,120,33.5
6967,120.5,34,121,34,121,33.5,120.5,33.5
6968,121,34,121.5,34,121.5,33.5,121,33.5
6969,120,33.5,120.5,33.5,120.5,33,120,33
6970,120.5,33.5,121,33.5,121,33,120.5,33
6971,121,33.5,121.5,33.5,121.5,33,121,33
6972,120.5,33,121,33,121,32.5,120.5,32.5
6973,121,33,121.5,33,121.5,32.5,121,32.5
6974,120.5,32.5,121,32.5,121,32,120.5,32
6975,121,32.5,121.5,32.5,121.5,32,121,32
6976,121.5,32.5,122,32.5,122,32,121.5,32
6977,121,32,121.5,32,121.5,31.5,121,31.5
6978,121.5,32,122,32,122,31.5,121.5,31.5
7349,139.5,38,140,38,140,37.5,139.5,37.5
7359,139,37.5,139.5,37.5,139.5,37,139,37
7360,133,35,133.5,35,133.5,34.5,133,34.5
7361,133.5,35,134,35,134,34.5,133.5,34.5
7363,132.5,35,133,35,133,34.5,132.5,34.5
7366,132,34.5,132.5,34.5,132.5,34,132,34
7367,131,34,131.5,34,131.5,33.5,131,33.5
7368,138.5,37,139,37,139,36.5,138.5,36.5
7370,130.5,33.5,131,33.5,131,33,130.5,33
7372,129.5,33,130,33,130,32.5,129.5,32.5
7373,130,33,130.5,33,130.5,32.5,130,32.5
7377,130,32.5,130.5,32.5,130.5,32,130,32
7378,130.5,32.5,131,32.5,131,32,130.5,32
7382,130,32,130.5,32,130.5,31.5,130,31.5
7383,130.5,32,131,32,131,31.5,130.5,31.5
7388,136.5,35,137,35,137,34.5,136.5,34.5
7413,133,33.5,133.5,33.5,133.5,33,133,33
7414,133.5,33.5,134,33.5,134,33,133.5,33
7415,134,33.5,134.5,33.5,134.5,33,134,33
7420,131.5,33,132,33,132,32.5,131.5,32.5
7421,132.5,33,133,33,133,32.5,132.5,32.5
7422,133,33,133.5,33,133.5,32.5,133,32.5
7426,135.5,33.5,136,33.5,136,33,135.5,33
7432,131.5,32.5,132,32.5,132,32,131.5,32
7433,138.5,34.5,139,34.5,139,34,138.5,34
7434,138.5,35,139,35,139,34.5,138.5,34.5
7435,139,35,139.5,35,139.5,34.5,139,34.5
7436,139.5,35,140,35,140,34.5,139.5,34.5
7437,139.5,35.5,140,35.5,140,35,139.5,35
7472,130,31.5,130.5,31.5,130.5,31,130,31
7473,130.5,31.5,131,31.5,131,31,130.5,31
7474,131,31.5,131.5,31.5,131.5,31,131,31
7904,136,35.5,136.5,35.5,136.5,35,136,35
7922,137,36.5,137.5,36.5,137.5,36,137,36
7923,137.5,36.5,138,36.5,138,36,137.5,36
8101,134,43,134.5,43,134.5,42.5,134,42.5
8102,134.5,43,135,43,135,42.5,134.5,42.5
8103,135,43,135.5,43,135.5,42.5,135,42.5
8104,135.5,43,136,43,136,42.5,135.5,42.5
8105,136,43,136.5,43,136.5,42.5,136,42.5
8106,136.5,43,137,43,137,42.5,136.5,42.5
8107,137,43,137.5,43,137.5,42.5,137,42.5
8108,137.5,43,138,43,138,42.5,137.5,42.5
8109,138,43,138.5,43,138.5,42.5,138,42.5
8110,138.5,43,139,43,139,42.5,138.5,42.5
8111,139,43,139.5,43,139.5,42.5,139,42.5
8112,139.5,43,140,43,140,42.5,139.5,42.5
8113,135,43.5,135.5,43.5,135.5,43,135,43
8114,135.5,43.5,136,43.5,136,43,135.5,43
8115,136,43.5,136.5,43.5,136.5,43,136,43
8116,136.5,43.5,137,43.5,137,43,136.5,43
8117,137,43.5,137.5,43.5,137.5,43,137,43
8118,137.5,43.5,138,43.5,138,43,137.5,43
8119,138,43.5,138.5,43.5,138.5,43,138,43
8120,138.5,43.5,139,43.5,139,43,138.5,43
8121,139,43.5,139.5,43.5,139.5,43,139,43
8122,139.5,43.5,140,43.5,140,43,139.5,43
8123,135.5,44,136,44,136,43.5,135.5,43.5
8124,136,44,136.5,44,136.5,43.5,136,43.5
8125,136.5,44,137,44,137,43.5,136.5,43.5
8126,137,44,137.5,44,137.5,43.5,137,43.5
8127,137.5,44,138,44,138,43.5,137.5,43.5
8128,138,44,138.5,44,138.5,43.5,138,43.5
8129,138.5,44,139,44,139,43.5,138.5,43.5
8130,139,44,139.5,44,139.5,43.5,139,43.5
8131,139.5,44,140,44,140,43.5,139.5,43.5
8132,136,44.5,136.5,44.5,136.5,44,136,44
8133,136.5,44.5,137,44.5,137,44,136.5,44
8134,137,44.5,137.5,44.5,137.5,44,137,44
8135,137.5,44.5,138,44.5,138,44,137.5,44
8136,138,44.5,138.5,44.5,138.5,44,138,44
8137,138.5,44.5,139,44.5,139,44,138.5,44
8138,139,44.5,139.5,44.5,139.5,44,139,44
8139,139.5,44.5,140,44.5,140,44,139.5,44
8140,136.5,45,137,45,137,44.5,136.5,44.5
8141,137,45,137.5,45,137.5,44.5,137,44.5
8142,137.5,45,138,45,138,44.5,137.5,44.5
8143,138,45,138.5,45,138.5,44.5,138,44.5
8144,138.5,45,139,45,139,44.5,138.5,44.5
8145,139,45,139.5,45,139.5,44.5,139,44.5
8146,139.5,45,140,45,140,44.5,139.5,44.5
8147,137,45.5,137.5,45.5,137.5,45,137,45
8148,137.5,45.5,138,45.5,138,45,137.5,45
8149,138,45.5,138.5,45.5,138.5,45,138,45
8150,138.5,45.5,139,45.5,139,45,138.5,45
8151,139,45.5,139.5,45.5,139.5,45,139,45
8152,139.5,45.5,140,45.5,140,45,139.5,45
8300,131,43,131.5,43,131.5,42.5,131,42.5
8301,131.5,43,132,43,132,42.5,131.5,42.5
8302,132,43,132.5,43,132.5,42.5,132,42.5
8303,130.5,42.5,131,42.5,131,42,130.5,42
8304,131,42.5,131.5,42.5,131.5,42,131,42
